{
  "hash": "965d5429",
  "configHash": "c7d602d9",
  "lockfileHash": "9b4d92ad",
  "browserHash": "a7033aac",
  "optimized": {
    "@angular/core": {
      "src": "../../../../../node_modules/@angular/core/fesm2022/core.mjs",
      "file": "@angular_core.js",
      "fileHash": "14cba07d",
      "needsInterop": false
    },
    "@angular/platform-browser": {
      "src": "../../../../../node_modules/@angular/platform-browser/fesm2022/platform-browser.mjs",
      "file": "@angular_platform-browser.js",
      "fileHash": "a049f498",
      "needsInterop": false
    },
    "@angular/router": {
      "src": "../../../../../node_modules/@angular/router/fesm2022/router.mjs",
      "file": "@angular_router.js",
      "fileHash": "9087160b",
      "needsInterop": false
    },
    "rxjs": {
      "src": "../../../../../node_modules/rxjs/dist/esm5/index.js",
      "file": "rxjs.js",
      "fileHash": "80ebe9c7",
      "needsInterop": false
    },
    "@angular/common/http": {
      "src": "../../../../../node_modules/@angular/common/fesm2022/http.mjs",
      "file": "@angular_common_http.js",
      "fileHash": "440f23c4",
      "needsInterop": false
    },
    "@angular/common": {
      "src": "../../../../../node_modules/@angular/common/fesm2022/common.mjs",
      "file": "@angular_common.js",
      "fileHash": "e9a7b781",
      "needsInterop": false
    },
    "@angular/platform-browser/animations": {
      "src": "../../../../../node_modules/@angular/platform-browser/fesm2022/animations.mjs",
      "file": "@angular_platform-browser_animations.js",
      "fileHash": "68b91813",
      "needsInterop": false
    },
    "ngx-toastr": {
      "src": "../../../../../node_modules/ngx-toastr/fesm2022/ngx-toastr.mjs",
      "file": "ngx-toastr.js",
      "fileHash": "2810a6e3",
      "needsInterop": false
    },
    "@angular/forms": {
      "src": "../../../../../node_modules/@angular/forms/fesm2022/forms.mjs",
      "file": "@angular_forms.js",
      "fileHash": "e05b3078",
      "needsInterop": false
    },
    "jwt-decode": {
      "src": "../../../../../node_modules/jwt-decode/build/esm/index.js",
      "file": "jwt-decode.js",
      "fileHash": "23b32ee2",
      "needsInterop": false
    },
    "@angular/common/locales/de": {
      "src": "../../../../../node_modules/@angular/common/locales/de.mjs",
      "file": "@angular_common_locales_de.js",
      "fileHash": "25f5c647",
      "needsInterop": false
    }
  },
  "chunks": {
    "chunk-FBUHZQES": {
      "file": "chunk-FBUHZQES.js"
    },
    "chunk-YYUELQHG": {
      "file": "chunk-YYUELQHG.js"
    },
    "chunk-ARJ2MHX5": {
      "file": "chunk-ARJ2MHX5.js"
    },
    "chunk-OPN72MDP": {
      "file": "chunk-OPN72MDP.js"
    },
    "chunk-VCH6JVBI": {
      "file": "chunk-VCH6JVBI.js"
    },
    "chunk-WSA2QMXP": {
      "file": "chunk-WSA2QMXP.js"
    },
    "chunk-J4B6MK7R": {
      "file": "chunk-J4B6MK7R.js"
    }
  }
}